,X1,X2,X3,X4,X5,Y1
1,1000,0,0.3048,71.3,0.00266337,125201
2,1250,0,0.3048,71.3,0.00266337,125951
3,1600,0,0.3048,71.3,0.00266337,127591
4,2000,0,0.3048,71.3,0.00266337,127461
5,2500,0,0.3048,71.3,0.00266337,125571
6,3150,0,0.3048,71.3,0.00266337,125201
7,4000,0,0.3048,71.3,0.00266337,123061
8,5000,0,0.3048,71.3,0.00266337,121301
9,6300,0,0.3048,71.3,0.00266337,119541
10,8000,0,0.3048,71.3,0.00266337,117151
11,10000,0,0.3048,71.3,0.00266337,115391
12,12500,0,0.3048,71.3,0.00266337,112241
13,16000,0,0.3048,71.3,0.00266337,108721
14,500,0,0.3048,55.5,0.00283081,126416
15,630,0,0.3048,55.5,0.00283081,127696
16,800,0,0.3048,55.5,0.00283081,128086
17,1000,0,0.3048,55.5,0.00283081,126966
18,1250,0,0.3048,55.5,0.00283081,126086
19,1600,0,0.3048,55.5,0.00283081,126986
20,2000,0,0.3048,55.5,0.00283081,126616
21,2500,0,0.3048,55.5,0.00283081,124106
22,3150,0,0.3048,55.5,0.00283081,123236
23,4000,0,0.3048,55.5,0.00283081,121106
24,5000,0,0.3048,55.5,0.00283081,119606
25,6300,0,0.3048,55.5,0.00283081,117976
26,8000,0,0.3048,55.5,0.00283081,116476
27,10000,0,0.3048,55.5,0.00283081,113076
28,12500,0,0.3048,55.5,0.00283081,111076
29,200,0,0.3048,39.6,0.00310138,118129
30,250,0,0.3048,39.6,0.00310138,119319
31,315,0,0.3048,39.6,0.00310138,122779
32,400,0,0.3048,39.6,0.00310138,124809
33,500,0,0.3048,39.6,0.00310138,126959
34,630,0,0.3048,39.6,0.00310138,128629
35,800,0,0.3048,39.6,0.00310138,129099
36,1000,0,0.3048,39.6,0.00310138,127899
37,1250,0,0.3048,39.6,0.00310138,125499
38,1600,0,0.3048,39.6,0.00310138,124049
39,2000,0,0.3048,39.6,0.00310138,123689
40,2500,0,0.3048,39.6,0.00310138,121399
41,3150,0,0.3048,39.6,0.00310138,120319
42,4000,0,0.3048,39.6,0.00310138,119229
43,5000,0,0.3048,39.6,0.00310138,117789
44,6300,0,0.3048,39.6,0.00310138,116229
45,8000,0,0.3048,39.6,0.00310138,114779
46,10000,0,0.3048,39.6,0.00310138,112139
47,12500,0,0.3048,39.6,0.00310138,109619
48,200,0,0.3048,31.7,0.00331266,117195
49,250,0,0.3048,31.7,0.00331266,118595
50,315,0,0.3048,31.7,0.00331266,122765
51,400,0,0.3048,31.7,0.00331266,125045
52,500,0,0.3048,31.7,0.00331266,127315
53,630,0,0.3048,31.7,0.00331266,129095
54,800,0,0.3048,31.7,0.00331266,129235
55,1000,0,0.3048,31.7,0.00331266,127365
56,1250,0,0.3048,31.7,0.00331266,124355
57,1600,0,0.3048,31.7,0.00331266,122365
58,2000,0,0.3048,31.7,0.00331266,122375
59,2500,0,0.3048,31.7,0.00331266,120755
60,3150,0,0.3048,31.7,0.00331266,119135
61,4000,0,0.3048,31.7,0.00331266,118145
62,5000,0,0.3048,31.7,0.00331266,115645
63,6300,0,0.3048,31.7,0.00331266,113775
64,8000,0,0.3048,31.7,0.00331266,110515
65,10000,0,0.3048,31.7,0.00331266,108265
66,800,1.5,0.3048,71.3,0.00336729,127122
67,1000,1.5,0.3048,71.3,0.00336729,125992
68,1250,1.5,0.3048,71.3,0.00336729,125872
69,1600,1.5,0.3048,71.3,0.00336729,126632
70,2000,1.5,0.3048,71.3,0.00336729,126642
71,2500,1.5,0.3048,71.3,0.00336729,124512
72,3150,1.5,0.3048,71.3,0.00336729,123392
73,4000,1.5,0.3048,71.3,0.00336729,121762
74,5000,1.5,0.3048,71.3,0.00336729,119632
75,6300,1.5,0.3048,71.3,0.00336729,118122
76,8000,1.5,0.3048,71.3,0.00336729,115372
77,10000,1.5,0.3048,71.3,0.00336729,113492
78,12500,1.5,0.3048,71.3,0.00336729,109222
79,16000,1.5,0.3048,71.3,0.00336729,106582
80,315,1.5,0.3048,39.6,0.00392107,121851
81,400,1.5,0.3048,39.6,0.00392107,124001
82,500,1.5,0.3048,39.6,0.00392107,126661
83,630,1.5,0.3048,39.6,0.00392107,128311
84,800,1.5,0.3048,39.6,0.00392107,128831
85,1000,1.5,0.3048,39.6,0.00392107,127581
86,1250,1.5,0.3048,39.6,0.00392107,125211
87,1600,1.5,0.3048,39.6,0.00392107,122211
88,2000,1.5,0.3048,39.6,0.00392107,122101
89,2500,1.5,0.3048,39.6,0.00392107,120981
90,3150,1.5,0.3048,39.6,0.00392107,119111
91,4000,1.5,0.3048,39.6,0.00392107,117741
92,5000,1.5,0.3048,39.6,0.00392107,116241
93,6300,1.5,0.3048,39.6,0.00392107,114751
94,8000,1.5,0.3048,39.6,0.00392107,112251
95,10000,1.5,0.3048,39.6,0.00392107,108991
96,12500,1.5,0.3048,39.6,0.00392107,106111
97,400,3,0.3048,71.3,0.00425727,127564
98,500,3,0.3048,71.3,0.00425727,128454
99,630,3,0.3048,71.3,0.00425727,129354
100,800,3,0.3048,71.3,0.00425727,129494
101,1000,3,0.3048,71.3,0.00425727,129004
102,1250,3,0.3048,71.3,0.00425727,127634
103,1600,3,0.3048,71.3,0.00425727,126514
104,2000,3,0.3048,71.3,0.00425727,125524
105,2500,3,0.3048,71.3,0.00425727,124024
106,3150,3,0.3048,71.3,0.00425727,121514
107,4000,3,0.3048,71.3,0.00425727,120264
108,5000,3,0.3048,71.3,0.00425727,118134
109,6300,3,0.3048,71.3,0.00425727,116134
110,8000,3,0.3048,71.3,0.00425727,114634
111,10000,3,0.3048,71.3,0.00425727,110224
112,400,3,0.3048,55.5,0.00452492,126159
113,500,3,0.3048,55.5,0.00452492,128179
114,630,3,0.3048,55.5,0.00452492,129569
115,800,3,0.3048,55.5,0.00452492,129949
116,1000,3,0.3048,55.5,0.00452492,129329
117,1250,3,0.3048,55.5,0.00452492,127329
118,1600,3,0.3048,55.5,0.00452492,124439
119,2000,3,0.3048,55.5,0.00452492,123069
120,2500,3,0.3048,55.5,0.00452492,122439
121,3150,3,0.3048,55.5,0.00452492,120189
122,4000,3,0.3048,55.5,0.00452492,118689
123,5000,3,0.3048,55.5,0.00452492,117309
124,6300,3,0.3048,55.5,0.00452492,115679
125,8000,3,0.3048,55.5,0.00452492,113799
126,10000,3,0.3048,55.5,0.00452492,112169
127,315,3,0.3048,39.6,0.00495741,123312
128,400,3,0.3048,39.6,0.00495741,125472
129,500,3,0.3048,39.6,0.00495741,127632
130,630,3,0.3048,39.6,0.00495741,129292
131,800,3,0.3048,39.6,0.00495741,129552
132,1000,3,0.3048,39.6,0.00495741,128312
133,1250,3,0.3048,39.6,0.00495741,125802
134,1600,3,0.3048,39.6,0.00495741,122782
135,2000,3,0.3048,39.6,0.00495741,120532
136,2500,3,0.3048,39.6,0.00495741,120162
137,3150,3,0.3048,39.6,0.00495741,118922
138,4000,3,0.3048,39.6,0.00495741,116792
139,5000,3,0.3048,39.6,0.00495741,115792
140,6300,3,0.3048,39.6,0.00495741,114042
141,8000,3,0.3048,39.6,0.00495741,110652
142,315,3,0.3048,31.7,0.00529514,123118
143,400,3,0.3048,31.7,0.00529514,125398
144,500,3,0.3048,31.7,0.00529514,127548
145,630,3,0.3048,31.7,0.00529514,128698
146,800,3,0.3048,31.7,0.00529514,128708
147,1000,3,0.3048,31.7,0.00529514,126838
148,1250,3,0.3048,31.7,0.00529514,124838
149,1600,3,0.3048,31.7,0.00529514,122088
150,2000,3,0.3048,31.7,0.00529514,120088
151,2500,3,0.3048,31.7,0.00529514,119598
152,3150,3,0.3048,31.7,0.00529514,118108
153,4000,3,0.3048,31.7,0.00529514,115608
154,5000,3,0.3048,31.7,0.00529514,113858
155,6300,3,0.3048,31.7,0.00529514,109718
156,250,4,0.3048,71.3,0.00497773,126395
157,315,4,0.3048,71.3,0.00497773,128175
158,400,4,0.3048,71.3,0.00497773,129575
159,500,4,0.3048,71.3,0.00497773,130715
160,630,4,0.3048,71.3,0.00497773,131615
161,800,4,0.3048,71.3,0.00497773,131755
162,1000,4,0.3048,71.3,0.00497773,131015
163,1250,4,0.3048,71.3,0.00497773,129395
164,1600,4,0.3048,71.3,0.00497773,126645
165,2000,4,0.3048,71.3,0.00497773,124395
166,2500,4,0.3048,71.3,0.00497773,123775
167,3150,4,0.3048,71.3,0.00497773,121775
168,4000,4,0.3048,71.3,0.00497773,119535
169,5000,4,0.3048,71.3,0.00497773,117785
170,6300,4,0.3048,71.3,0.00497773,116165
171,8000,4,0.3048,71.3,0.00497773,113665
172,10000,4,0.3048,71.3,0.00497773,110905
173,12500,4,0.3048,71.3,0.00497773,107405
174,250,4,0.3048,39.6,0.00579636,123543
175,315,4,0.3048,39.6,0.00579636,126843
176,400,4,0.3048,39.6,0.00579636,128633
177,500,4,0.3048,39.6,0.00579636,130173
178,630,4,0.3048,39.6,0.00579636,131073
179,800,4,0.3048,39.6,0.00579636,130723
180,1000,4,0.3048,39.6,0.00579636,128723
181,1250,4,0.3048,39.6,0.00579636,126343
182,1600,4,0.3048,39.6,0.00579636,123213
183,2000,4,0.3048,39.6,0.00579636,120963
184,2500,4,0.3048,39.6,0.00579636,120233
185,3150,4,0.3048,39.6,0.00579636,118743
186,4000,4,0.3048,39.6,0.00579636,115863
187,5000,4,0.3048,39.6,0.00579636,113733
188,1250,0,0.2286,71.3,0.00214345,128144
189,1600,0,0.2286,71.3,0.00214345,129134
190,2000,0,0.2286,71.3,0.00214345,128244
191,2500,0,0.2286,71.3,0.00214345,128354
192,3150,0,0.2286,71.3,0.00214345,127834
193,4000,0,0.2286,71.3,0.00214345,125824
194,5000,0,0.2286,71.3,0.00214345,124304
195,6300,0,0.2286,71.3,0.00214345,122044
196,8000,0,0.2286,71.3,0.00214345,118024
197,10000,0,0.2286,71.3,0.00214345,118134
198,12500,0,0.2286,71.3,0.00214345,117624
199,16000,0,0.2286,71.3,0.00214345,114984
200,20000,0,0.2286,71.3,0.00214345,114474
201,315,0,0.2286,55.5,0.00229336,119.54
202,400,0,0.2286,55.5,0.00229336,121.66
203,500,0,0.2286,55.5,0.00229336,123.78
204,630,0,0.2286,55.5,0.00229336,126.16
205,800,0,0.2286,55.5,0.00229336,127.53
206,1000,0,0.2286,55.5,0.00229336,128.29
207,1250,0,0.2286,55.5,0.00229336,127.91
208,1600,0,0.2286,55.5,0.00229336,126.79
209,2000,0,0.2286,55.5,0.00229336,126.54
210,2500,0,0.2286,55.5,0.00229336,126.54
211,3150,0,0.2286,55.5,0.00229336,125.16
212,4000,0,0.2286,55.5,0.00229336,123.41
213,5000,0,0.2286,55.5,0.00229336,122.41
214,6300,0,0.2286,55.5,0.00229336,118.41
215,315,0,0.2286,39.6,0.00253511,121055
216,400,0,0.2286,39.6,0.00253511,123565
217,500,0,0.2286,39.6,0.00253511,126195
218,630,0,0.2286,39.6,0.00253511,128705
219,800,0,0.2286,39.6,0.00253511,130205
220,1000,0,0.2286,39.6,0.00253511,130435
221,1250,0,0.2286,39.6,0.00253511,129395
222,1600,0,0.2286,39.6,0.00253511,127095
223,2000,0,0.2286,39.6,0.00253511,125305
224,2500,0,0.2286,39.6,0.00253511,125025
225,3150,0,0.2286,39.6,0.00253511,124625
226,4000,0,0.2286,39.6,0.00253511,123465
227,5000,0,0.2286,39.6,0.00253511,122175
228,6300,0,0.2286,39.6,0.00253511,117465
229,315,0,0.2286,31.7,0.0027238,120595
230,400,0,0.2286,31.7,0.0027238,123635
231,500,0,0.2286,31.7,0.0027238,126675
232,630,0,0.2286,31.7,0.0027238,129465
233,800,0,0.2286,31.7,0.0027238,130725
234,1000,0,0.2286,31.7,0.0027238,130595
235,1250,0,0.2286,31.7,0.0027238,128805
236,1600,0,0.2286,31.7,0.0027238,125625
237,2000,0,0.2286,31.7,0.0027238,123455
238,2500,0,0.2286,31.7,0.0027238,123445
239,3150,0,0.2286,31.7,0.0027238,123445
240,4000,0,0.2286,31.7,0.0027238,122035
241,5000,0,0.2286,31.7,0.0027238,120505
242,6300,0,0.2286,31.7,0.0027238,116815
243,400,2,0.2286,71.3,0.00293031,125116
244,500,2,0.2286,71.3,0.00293031,126486
245,630,2,0.2286,71.3,0.00293031,127356
246,800,2,0.2286,71.3,0.00293031,128216
247,1000,2,0.2286,71.3,0.00293031,128956
248,1250,2,0.2286,71.3,0.00293031,128816
249,1600,2,0.2286,71.3,0.00293031,127796
250,2000,2,0.2286,71.3,0.00293031,126896
251,2500,2,0.2286,71.3,0.00293031,127006
252,3150,2,0.2286,71.3,0.00293031,126116
253,4000,2,0.2286,71.3,0.00293031,124086
254,5000,2,0.2286,71.3,0.00293031,122816
255,6300,2,0.2286,71.3,0.00293031,120786
256,8000,2,0.2286,71.3,0.00293031,115996
257,10000,2,0.2286,71.3,0.00293031,113086
258,400,2,0.2286,55.5,0.00313525,122292
259,500,2,0.2286,55.5,0.00313525,124692
260,630,2,0.2286,55.5,0.00313525,126842
261,800,2,0.2286,55.5,0.00313525,128492
262,1000,2,0.2286,55.5,0.00313525,129002
263,1250,2,0.2286,55.5,0.00313525,128762
264,1600,2,0.2286,55.5,0.00313525,126752
265,2000,2,0.2286,55.5,0.00313525,124612
266,2500,2,0.2286,55.5,0.00313525,123862
267,3150,2,0.2286,55.5,0.00313525,123742
268,4000,2,0.2286,55.5,0.00313525,122232
269,5000,2,0.2286,55.5,0.00313525,120472
270,6300,2,0.2286,55.5,0.00313525,118712
271,315,2,0.2286,39.6,0.00346574,120137
272,400,2,0.2286,39.6,0.00346574,122147
273,500,2,0.2286,39.6,0.00346574,125157
274,630,2,0.2286,39.6,0.00346574,127417
275,800,2,0.2286,39.6,0.00346574,129037
276,1000,2,0.2286,39.6,0.00346574,129147
277,1250,2,0.2286,39.6,0.00346574,128257
278,1600,2,0.2286,39.6,0.00346574,125837
279,2000,2,0.2286,39.6,0.00346574,122797
280,2500,2,0.2286,39.6,0.00346574,121397
281,3150,2,0.2286,39.6,0.00346574,121627
282,4000,2,0.2286,39.6,0.00346574,120227
283,5000,2,0.2286,39.6,0.00346574,118827
284,6300,2,0.2286,39.6,0.00346574,116417
285,315,2,0.2286,31.7,0.00372371,120147
286,400,2,0.2286,31.7,0.00372371,123417
287,500,2,0.2286,31.7,0.00372371,126677
288,630,2,0.2286,31.7,0.00372371,129057
289,800,2,0.2286,31.7,0.00372371,130307
290,1000,2,0.2286,31.7,0.00372371,130307
291,1250,2,0.2286,31.7,0.00372371,128677
292,1600,2,0.2286,31.7,0.00372371,125797
293,2000,2,0.2286,31.7,0.00372371,123037
294,2500,2,0.2286,31.7,0.00372371,121407
295,3150,2,0.2286,31.7,0.00372371,121527
296,4000,2,0.2286,31.7,0.00372371,120527
297,5000,2,0.2286,31.7,0.00372371,118267
298,6300,2,0.2286,31.7,0.00372371,115137
299,500,4,0.2286,71.3,0.00400603,126758
300,630,4,0.2286,71.3,0.00400603,129038
301,800,4,0.2286,71.3,0.00400603,130688
302,1000,4,0.2286,71.3,0.00400603,131708
303,1250,4,0.2286,71.3,0.00400603,131718
304,1600,4,0.2286,71.3,0.00400603,129468
305,2000,4,0.2286,71.3,0.00400603,126218
306,2500,4,0.2286,71.3,0.00400603,124338
307,3150,4,0.2286,71.3,0.00400603,124108
308,4000,4,0.2286,71.3,0.00400603,121728
309,5000,4,0.2286,71.3,0.00400603,121118
310,6300,4,0.2286,71.3,0.00400603,118618
311,8000,4,0.2286,71.3,0.00400603,112848
312,10000,4,0.2286,71.3,0.00400603,113108
313,12500,4,0.2286,71.3,0.00400603,114258
314,16000,4,0.2286,71.3,0.00400603,112768
315,20000,4,0.2286,71.3,0.00400603,109638
316,400,4,0.2286,55.5,0.0042862,123274
317,500,4,0.2286,55.5,0.0042862,127314
318,630,4,0.2286,55.5,0.0042862,129964
319,800,4,0.2286,55.5,0.0042862,131864
320,1000,4,0.2286,55.5,0.0042862,132134
321,1250,4,0.2286,55.5,0.0042862,131264
322,1600,4,0.2286,55.5,0.0042862,128264
323,2000,4,0.2286,55.5,0.0042862,124254
324,2500,4,0.2286,55.5,0.0042862,122384
325,3150,4,0.2286,55.5,0.0042862,122394
326,4000,4,0.2286,55.5,0.0042862,120654
327,5000,4,0.2286,55.5,0.0042862,120034
328,6300,4,0.2286,55.5,0.0042862,117154
329,8000,4,0.2286,55.5,0.0042862,112524
330,315,4,0.2286,39.6,0.00473801,122229
331,400,4,0.2286,39.6,0.00473801,123879
332,500,4,0.2286,39.6,0.00473801,127039
333,630,4,0.2286,39.6,0.00473801,129579
334,800,4,0.2286,39.6,0.00473801,130469
335,1000,4,0.2286,39.6,0.00473801,129969
336,1250,4,0.2286,39.6,0.00473801,128339
337,1600,4,0.2286,39.6,0.00473801,125319
338,2000,4,0.2286,39.6,0.00473801,121659
339,2500,4,0.2286,39.6,0.00473801,119649
340,3150,4,0.2286,39.6,0.00473801,120419
341,4000,4,0.2286,39.6,0.00473801,119159
342,5000,4,0.2286,39.6,0.00473801,117649
343,6300,4,0.2286,39.6,0.00473801,114249
344,8000,4,0.2286,39.6,0.00473801,113129
345,250,4,0.2286,31.7,0.00509068,120189
346,315,4,0.2286,31.7,0.00509068,123609
347,400,4,0.2286,31.7,0.00509068,126149
348,500,4,0.2286,31.7,0.00509068,128939
349,630,4,0.2286,31.7,0.00509068,130349
350,800,4,0.2286,31.7,0.00509068,130869
351,1000,4,0.2286,31.7,0.00509068,129869
352,1250,4,0.2286,31.7,0.00509068,128119
353,1600,4,0.2286,31.7,0.00509068,125229
354,2000,4,0.2286,31.7,0.00509068,122089
355,2500,4,0.2286,31.7,0.00509068,120209
356,3150,4,0.2286,31.7,0.00509068,120229
357,4000,4,0.2286,31.7,0.00509068,118859
358,5000,4,0.2286,31.7,0.00509068,115969
359,6300,4,0.2286,31.7,0.00509068,112699
360,400,5.3,0.2286,71.3,0.0051942,127.7
361,500,5.3,0.2286,71.3,0.0051942,129.88
362,630,5.3,0.2286,71.3,0.0051942,131.8
363,800,5.3,0.2286,71.3,0.0051942,133.48
364,1000,5.3,0.2286,71.3,0.0051942,134
365,1250,5.3,0.2286,71.3,0.0051942,133.38
366,1600,5.3,0.2286,71.3,0.0051942,130.46
367,2000,5.3,0.2286,71.3,0.0051942,125.89
368,2500,5.3,0.2286,71.3,0.0051942,123.74
369,3150,5.3,0.2286,71.3,0.0051942,123.12
370,4000,5.3,0.2286,71.3,0.0051942,120.33
371,5000,5.3,0.2286,71.3,0.0051942,118.05
372,6300,5.3,0.2286,71.3,0.0051942,116.92
373,8000,5.3,0.2286,71.3,0.0051942,114.9
374,10000,5.3,0.2286,71.3,0.0051942,111.35
375,250,5.3,0.2286,39.6,0.00614329,127011
376,315,5.3,0.2286,39.6,0.00614329,129691
377,400,5.3,0.2286,39.6,0.00614329,131221
378,500,5.3,0.2286,39.6,0.00614329,132251
379,630,5.3,0.2286,39.6,0.00614329,132011
380,800,5.3,0.2286,39.6,0.00614329,129491
381,1000,5.3,0.2286,39.6,0.00614329,125581
382,1250,5.3,0.2286,39.6,0.00614329,125721
383,1600,5.3,0.2286,39.6,0.00614329,123081
384,2000,5.3,0.2286,39.6,0.00614329,117911
385,2500,5.3,0.2286,39.6,0.00614329,116151
386,3150,5.3,0.2286,39.6,0.00614329,118441
387,4000,5.3,0.2286,39.6,0.00614329,115801
388,5000,5.3,0.2286,39.6,0.00614329,115311
389,6300,5.3,0.2286,39.6,0.00614329,112541
390,200,7.3,0.2286,71.3,0.0104404,138758
391,250,7.3,0.2286,71.3,0.0104404,139918
392,315,7.3,0.2286,71.3,0.0104404,139808
393,400,7.3,0.2286,71.3,0.0104404,139438
394,500,7.3,0.2286,71.3,0.0104404,136798
395,630,7.3,0.2286,71.3,0.0104404,133768
396,800,7.3,0.2286,71.3,0.0104404,130748
397,1000,7.3,0.2286,71.3,0.0104404,126838
398,1250,7.3,0.2286,71.3,0.0104404,127358
399,1600,7.3,0.2286,71.3,0.0104404,125728
400,2000,7.3,0.2286,71.3,0.0104404,122708
401,2500,7.3,0.2286,71.3,0.0104404,122088
402,3150,7.3,0.2286,71.3,0.0104404,120458
403,4000,7.3,0.2286,71.3,0.0104404,119208
404,5000,7.3,0.2286,71.3,0.0104404,115298
405,6300,7.3,0.2286,71.3,0.0104404,115818
406,200,7.3,0.2286,55.5,0.0111706,135234
407,250,7.3,0.2286,55.5,0.0111706,136384
408,315,7.3,0.2286,55.5,0.0111706,136284
409,400,7.3,0.2286,55.5,0.0111706,135924
410,500,7.3,0.2286,55.5,0.0111706,133174
411,630,7.3,0.2286,55.5,0.0111706,130934
412,800,7.3,0.2286,55.5,0.0111706,128444
413,1000,7.3,0.2286,55.5,0.0111706,125194
414,1250,7.3,0.2286,55.5,0.0111706,125724
415,1600,7.3,0.2286,55.5,0.0111706,123354
416,2000,7.3,0.2286,55.5,0.0111706,120354
417,2500,7.3,0.2286,55.5,0.0111706,118994
418,3150,7.3,0.2286,55.5,0.0111706,117134
419,4000,7.3,0.2286,55.5,0.0111706,117284
420,5000,7.3,0.2286,55.5,0.0111706,113144
421,6300,7.3,0.2286,55.5,0.0111706,111534
422,200,7.3,0.2286,39.6,0.0123481,130989
423,250,7.3,0.2286,39.6,0.0123481,131889
424,315,7.3,0.2286,39.6,0.0123481,132149
425,400,7.3,0.2286,39.6,0.0123481,132039
426,500,7.3,0.2286,39.6,0.0123481,130299
427,630,7.3,0.2286,39.6,0.0123481,128929
428,800,7.3,0.2286,39.6,0.0123481,126299
429,1000,7.3,0.2286,39.6,0.0123481,122539
430,1250,7.3,0.2286,39.6,0.0123481,123189
431,1600,7.3,0.2286,39.6,0.0123481,121059
432,2000,7.3,0.2286,39.6,0.0123481,117809
433,2500,7.3,0.2286,39.6,0.0123481,116559
434,3150,7.3,0.2286,39.6,0.0123481,114309
435,4000,7.3,0.2286,39.6,0.0123481,114079
436,5000,7.3,0.2286,39.6,0.0123481,111959
437,6300,7.3,0.2286,39.6,0.0123481,110839
438,200,7.3,0.2286,31.7,0.0132672,128679
439,250,7.3,0.2286,31.7,0.0132672,130089
440,315,7.3,0.2286,31.7,0.0132672,130239
441,400,7.3,0.2286,31.7,0.0132672,130269
442,500,7.3,0.2286,31.7,0.0132672,128169
443,630,7.3,0.2286,31.7,0.0132672,126189
444,800,7.3,0.2286,31.7,0.0132672,123209
445,1000,7.3,0.2286,31.7,0.0132672,119099
446,1250,7.3,0.2286,31.7,0.0132672,120509
447,1600,7.3,0.2286,31.7,0.0132672,119039
448,2000,7.3,0.2286,31.7,0.0132672,115309
449,2500,7.3,0.2286,31.7,0.0132672,114709
450,3150,7.3,0.2286,31.7,0.0132672,113229
451,4000,7.3,0.2286,31.7,0.0132672,112639
452,5000,7.3,0.2286,31.7,0.0132672,111029
453,6300,7.3,0.2286,31.7,0.0132672,110689
454,800,0,0.1524,71.3,0.0015988,125817
455,1000,0,0.1524,71.3,0.0015988,127307
456,1250,0,0.1524,71.3,0.0015988,128927
457,1600,0,0.1524,71.3,0.0015988,129667
458,2000,0,0.1524,71.3,0.0015988,128647
459,2500,0,0.1524,71.3,0.0015988,128127
460,3150,0,0.1524,71.3,0.0015988,129377
461,4000,0,0.1524,71.3,0.0015988,128857
462,5000,0,0.1524,71.3,0.0015988,126457
463,6300,0,0.1524,71.3,0.0015988,125427
464,8000,0,0.1524,71.3,0.0015988,122527
465,10000,0,0.1524,71.3,0.0015988,120247
466,12500,0,0.1524,71.3,0.0015988,117087
467,16000,0,0.1524,71.3,0.0015988,113297
468,500,0,0.1524,55.5,0.00172668,120573
469,630,0,0.1524,55.5,0.00172668,123583
470,800,0,0.1524,55.5,0.00172668,126713
471,1000,0,0.1524,55.5,0.00172668,128583
472,1250,0,0.1524,55.5,0.00172668,129953
473,1600,0,0.1524,55.5,0.00172668,130183
474,2000,0,0.1524,55.5,0.00172668,129673
475,2500,0,0.1524,55.5,0.00172668,127763
476,3150,0,0.1524,55.5,0.00172668,127753
477,4000,0,0.1524,55.5,0.00172668,127233
478,5000,0,0.1524,55.5,0.00172668,125203
479,6300,0,0.1524,55.5,0.00172668,123303
480,8000,0,0.1524,55.5,0.00172668,121903
481,10000,0,0.1524,55.5,0.00172668,119253
482,12500,0,0.1524,55.5,0.00172668,117093
483,16000,0,0.1524,55.5,0.00172668,112803
484,500,0,0.1524,39.6,0.00193287,119513
485,630,0,0.1524,39.6,0.00193287,124403
486,800,0,0.1524,39.6,0.00193287,127903
487,1000,0,0.1524,39.6,0.00193287,130033
488,1250,0,0.1524,39.6,0.00193287,131023
489,1600,0,0.1524,39.6,0.00193287,131013
490,2000,0,0.1524,39.6,0.00193287,129633
491,2500,0,0.1524,39.6,0.00193287,126863
492,3150,0,0.1524,39.6,0.00193287,125603
493,4000,0,0.1524,39.6,0.00193287,125343
494,5000,0,0.1524,39.6,0.00193287,123453
495,6300,0,0.1524,39.6,0.00193287,121313
496,8000,0,0.1524,39.6,0.00193287,120553
497,10000,0,0.1524,39.6,0.00193287,115413
498,500,0,0.1524,31.7,0.00209405,121617
499,630,0,0.1524,31.7,0.00209405,125997
500,800,0,0.1524,31.7,0.00209405,129117
501,1000,0,0.1524,31.7,0.00209405,130987
502,1250,0,0.1524,31.7,0.00209405,131467
503,1600,0,0.1524,31.7,0.00209405,130817
504,2000,0,0.1524,31.7,0.00209405,128907
505,2500,0,0.1524,31.7,0.00209405,125867
506,3150,0,0.1524,31.7,0.00209405,124207
507,4000,0,0.1524,31.7,0.00209405,123807
508,5000,0,0.1524,31.7,0.00209405,122397
509,6300,0,0.1524,31.7,0.00209405,119737
510,8000,0,0.1524,31.7,0.00209405,117957
511,630,2.7,0.1524,71.3,0.00243851,127404
512,800,2.7,0.1524,71.3,0.00243851,127394
513,1000,2.7,0.1524,71.3,0.00243851,128774
514,1250,2.7,0.1524,71.3,0.00243851,130144
515,1600,2.7,0.1524,71.3,0.00243851,130644
516,2000,2.7,0.1524,71.3,0.00243851,130114
517,2500,2.7,0.1524,71.3,0.00243851,128334
518,3150,2.7,0.1524,71.3,0.00243851,127054
519,4000,2.7,0.1524,71.3,0.00243851,126534
520,5000,2.7,0.1524,71.3,0.00243851,124364
521,6300,2.7,0.1524,71.3,0.00243851,121944
522,8000,2.7,0.1524,71.3,0.00243851,120534
523,10000,2.7,0.1524,71.3,0.00243851,116724
524,12500,2.7,0.1524,71.3,0.00243851,113034
525,16000,2.7,0.1524,71.3,0.00243851,110364
526,500,2.7,0.1524,39.6,0.00294804,121009
527,630,2.7,0.1524,39.6,0.00294804,125809
528,800,2.7,0.1524,39.6,0.00294804,128829
529,1000,2.7,0.1524,39.6,0.00294804,130589
530,1250,2.7,0.1524,39.6,0.00294804,130829
531,1600,2.7,0.1524,39.6,0.00294804,130049
532,2000,2.7,0.1524,39.6,0.00294804,128139
533,2500,2.7,0.1524,39.6,0.00294804,125589
534,3150,2.7,0.1524,39.6,0.00294804,122919
535,4000,2.7,0.1524,39.6,0.00294804,121889
536,5000,2.7,0.1524,39.6,0.00294804,121499
537,6300,2.7,0.1524,39.6,0.00294804,119209
538,8000,2.7,0.1524,39.6,0.00294804,116659
539,10000,2.7,0.1524,39.6,0.00294804,112589
540,12500,2.7,0.1524,39.6,0.00294804,108649
541,400,5.4,0.1524,71.3,0.00401199,124121
542,500,5.4,0.1524,71.3,0.00401199,126291
543,630,5.4,0.1524,71.3,0.00401199,128971
544,800,5.4,0.1524,71.3,0.00401199,131281
545,1000,5.4,0.1524,71.3,0.00401199,133201
546,1250,5.4,0.1524,71.3,0.00401199,134111
547,1600,5.4,0.1524,71.3,0.00401199,133241
548,2000,5.4,0.1524,71.3,0.00401199,131111
549,2500,5.4,0.1524,71.3,0.00401199,127591
550,3150,5.4,0.1524,71.3,0.00401199,123311
551,4000,5.4,0.1524,71.3,0.00401199,121431
552,5000,5.4,0.1524,71.3,0.00401199,120061
553,6300,5.4,0.1524,71.3,0.00401199,116411
554,400,5.4,0.1524,55.5,0.00433288,126807
555,500,5.4,0.1524,55.5,0.00433288,129367
556,630,5.4,0.1524,55.5,0.00433288,131807
557,800,5.4,0.1524,55.5,0.00433288,133097
558,1000,5.4,0.1524,55.5,0.00433288,132127
559,1250,5.4,0.1524,55.5,0.00433288,130777
560,1600,5.4,0.1524,55.5,0.00433288,130567
561,2000,5.4,0.1524,55.5,0.00433288,128707
562,2500,5.4,0.1524,55.5,0.00433288,124077
563,3150,5.4,0.1524,55.5,0.00433288,121587
564,4000,5.4,0.1524,55.5,0.00433288,119737
565,5000,5.4,0.1524,55.5,0.00433288,118757
566,6300,5.4,0.1524,55.5,0.00433288,117287
567,8000,5.4,0.1524,55.5,0.00433288,114927
568,315,5.4,0.1524,39.6,0.00485029,125347
569,400,5.4,0.1524,39.6,0.00485029,127637
570,500,5.4,0.1524,39.6,0.00485029,129937
571,630,5.4,0.1524,39.6,0.00485029,132357
572,800,5.4,0.1524,39.6,0.00485029,132757
573,1000,5.4,0.1524,39.6,0.00485029,130507
574,1250,5.4,0.1524,39.6,0.00485029,127117
575,1600,5.4,0.1524,39.6,0.00485029,126267
576,2000,5.4,0.1524,39.6,0.00485029,124647
577,2500,5.4,0.1524,39.6,0.00485029,120497
578,3150,5.4,0.1524,39.6,0.00485029,119137
579,4000,5.4,0.1524,39.6,0.00485029,117137
580,5000,5.4,0.1524,39.6,0.00485029,117037
581,6300,5.4,0.1524,39.6,0.00485029,116677
582,315,5.4,0.1524,31.7,0.00525474,125741
583,400,5.4,0.1524,31.7,0.00525474,127781
584,500,5.4,0.1524,31.7,0.00525474,129681
585,630,5.4,0.1524,31.7,0.00525474,131471
586,800,5.4,0.1524,31.7,0.00525474,131491
587,1000,5.4,0.1524,31.7,0.00525474,128241
588,1250,5.4,0.1524,31.7,0.00525474,123991
589,1600,5.4,0.1524,31.7,0.00525474,123761
590,2000,5.4,0.1524,31.7,0.00525474,122771
591,2500,5.4,0.1524,31.7,0.00525474,119151
592,3150,5.4,0.1524,31.7,0.00525474,118291
593,4000,5.4,0.1524,31.7,0.00525474,116181
594,5000,5.4,0.1524,31.7,0.00525474,115691
595,6300,5.4,0.1524,31.7,0.00525474,115591
596,315,7.2,0.1524,71.3,0.00752039,128713
597,400,7.2,0.1524,71.3,0.00752039,130123
598,500,7.2,0.1524,71.3,0.00752039,132043
599,630,7.2,0.1524,71.3,0.00752039,134853
600,800,7.2,0.1524,71.3,0.00752039,136023
601,1000,7.2,0.1524,71.3,0.00752039,134273
602,1250,7.2,0.1524,71.3,0.00752039,132513
603,1600,7.2,0.1524,71.3,0.00752039,130893
604,2000,7.2,0.1524,71.3,0.00752039,128643
605,2500,7.2,0.1524,71.3,0.00752039,124353
606,3150,7.2,0.1524,71.3,0.00752039,116783
607,4000,7.2,0.1524,71.3,0.00752039,119343
608,5000,7.2,0.1524,71.3,0.00752039,118343
609,6300,7.2,0.1524,71.3,0.00752039,116603
610,8000,7.2,0.1524,71.3,0.00752039,113333
611,10000,7.2,0.1524,71.3,0.00752039,110313
612,250,7.2,0.1524,39.6,0.00909175,127488
613,315,7.2,0.1524,39.6,0.00909175,130558
614,400,7.2,0.1524,39.6,0.00909175,132118
615,500,7.2,0.1524,39.6,0.00909175,132658
616,630,7.2,0.1524,39.6,0.00909175,133198
617,800,7.2,0.1524,39.6,0.00909175,132358
618,1000,7.2,0.1524,39.6,0.00909175,128338
619,1250,7.2,0.1524,39.6,0.00909175,122428
620,1600,7.2,0.1524,39.6,0.00909175,120058
621,2000,7.2,0.1524,39.6,0.00909175,120228
622,2500,7.2,0.1524,39.6,0.00909175,117478
623,3150,7.2,0.1524,39.6,0.00909175,111818
624,4000,7.2,0.1524,39.6,0.00909175,114258
625,5000,7.2,0.1524,39.6,0.00909175,113288
626,6300,7.2,0.1524,39.6,0.00909175,112688
627,8000,7.2,0.1524,39.6,0.00909175,111588
628,10000,7.2,0.1524,39.6,0.00909175,110868
629,200,9.9,0.1524,71.3,0.0193001,134319
630,250,9.9,0.1524,71.3,0.0193001,135329
631,315,9.9,0.1524,71.3,0.0193001,135459
632,400,9.9,0.1524,71.3,0.0193001,135079
633,500,9.9,0.1524,71.3,0.0193001,131279
634,630,9.9,0.1524,71.3,0.0193001,129889
635,800,9.9,0.1524,71.3,0.0193001,128879
636,1000,9.9,0.1524,71.3,0.0193001,126349
637,1250,9.9,0.1524,71.3,0.0193001,122679
638,1600,9.9,0.1524,71.3,0.0193001,121789
639,2000,9.9,0.1524,71.3,0.0193001,120779
640,2500,9.9,0.1524,71.3,0.0193001,119639
641,3150,9.9,0.1524,71.3,0.0193001,116849
642,4000,9.9,0.1524,71.3,0.0193001,115079
643,5000,9.9,0.1524,71.3,0.0193001,114569
644,6300,9.9,0.1524,71.3,0.0193001,112039
645,200,9.9,0.1524,55.5,0.0208438,131955
646,250,9.9,0.1524,55.5,0.0208438,133235
647,315,9.9,0.1524,55.5,0.0208438,132355
648,400,9.9,0.1524,55.5,0.0208438,131605
649,500,9.9,0.1524,55.5,0.0208438,127815
650,630,9.9,0.1524,55.5,0.0208438,127315
651,800,9.9,0.1524,55.5,0.0208438,126565
652,1000,9.9,0.1524,55.5,0.0208438,124665
653,1250,9.9,0.1524,55.5,0.0208438,121635
654,1600,9.9,0.1524,55.5,0.0208438,119875
655,2000,9.9,0.1524,55.5,0.0208438,119505
656,2500,9.9,0.1524,55.5,0.0208438,118365
657,3150,9.9,0.1524,55.5,0.0208438,115085
658,4000,9.9,0.1524,55.5,0.0208438,112945
659,5000,9.9,0.1524,55.5,0.0208438,112065
660,6300,9.9,0.1524,55.5,0.0208438,110555
661,200,9.9,0.1524,39.6,0.0233328,127315
662,250,9.9,0.1524,39.6,0.0233328,128335
663,315,9.9,0.1524,39.6,0.0233328,128595
664,400,9.9,0.1524,39.6,0.0233328,128345
665,500,9.9,0.1524,39.6,0.0233328,126835
666,630,9.9,0.1524,39.6,0.0233328,126465
667,800,9.9,0.1524,39.6,0.0233328,126345
668,1000,9.9,0.1524,39.6,0.0233328,123835
669,1250,9.9,0.1524,39.6,0.0233328,120555
670,1600,9.9,0.1524,39.6,0.0233328,118545
671,2000,9.9,0.1524,39.6,0.0233328,117925
672,2500,9.9,0.1524,39.6,0.0233328,116295
673,3150,9.9,0.1524,39.6,0.0233328,113525
674,4000,9.9,0.1524,39.6,0.0233328,112265
675,5000,9.9,0.1524,39.6,0.0233328,111135
676,6300,9.9,0.1524,39.6,0.0233328,109885
677,200,9.9,0.1524,31.7,0.0252785,127299
678,250,9.9,0.1524,31.7,0.0252785,128559
679,315,9.9,0.1524,31.7,0.0252785,128809
680,400,9.9,0.1524,31.7,0.0252785,128939
681,500,9.9,0.1524,31.7,0.0252785,127179
682,630,9.9,0.1524,31.7,0.0252785,126049
683,800,9.9,0.1524,31.7,0.0252785,125539
684,1000,9.9,0.1524,31.7,0.0252785,122149
685,1250,9.9,0.1524,31.7,0.0252785,118619
686,1600,9.9,0.1524,31.7,0.0252785,117119
687,2000,9.9,0.1524,31.7,0.0252785,116859
688,2500,9.9,0.1524,31.7,0.0252785,114729
689,3150,9.9,0.1524,31.7,0.0252785,112209
690,4000,9.9,0.1524,31.7,0.0252785,111459
691,5000,9.9,0.1524,31.7,0.0252785,109949
692,6300,9.9,0.1524,31.7,0.0252785,108689
693,200,12.6,0.1524,71.3,0.0483159,128354
694,250,12.6,0.1524,71.3,0.0483159,129744
695,315,12.6,0.1524,71.3,0.0483159,128484
696,400,12.6,0.1524,71.3,0.0483159,127094
697,500,12.6,0.1524,71.3,0.0483159,121664
698,630,12.6,0.1524,71.3,0.0483159,123304
699,800,12.6,0.1524,71.3,0.0483159,123054
700,1000,12.6,0.1524,71.3,0.0483159,122044
701,1250,12.6,0.1524,71.3,0.0483159,120154
702,1600,12.6,0.1524,71.3,0.0483159,120534
703,2000,12.6,0.1524,71.3,0.0483159,117504
704,2500,12.6,0.1524,71.3,0.0483159,115234
705,3150,12.6,0.1524,71.3,0.0483159,113334
706,4000,12.6,0.1524,71.3,0.0483159,108034
707,5000,12.6,0.1524,71.3,0.0483159,108034
708,6300,12.6,0.1524,71.3,0.0483159,107284
709,200,12.6,0.1524,39.6,0.0584113,114.75
710,250,12.6,0.1524,39.6,0.0584113,115.89
711,315,12.6,0.1524,39.6,0.0584113,116.02
712,400,12.6,0.1524,39.6,0.0584113,115.91
713,500,12.6,0.1524,39.6,0.0584113,114.9
714,630,12.6,0.1524,39.6,0.0584113,116.55
715,800,12.6,0.1524,39.6,0.0584113,116.56
716,1000,12.6,0.1524,39.6,0.0584113,114.67
717,1250,12.6,0.1524,39.6,0.0584113,112.16
718,1600,12.6,0.1524,39.6,0.0584113,110.78
719,2000,12.6,0.1524,39.6,0.0584113,109.52
720,2500,12.6,0.1524,39.6,0.0584113,106.88
721,3150,12.6,0.1524,39.6,0.0584113,106.26
722,4000,12.6,0.1524,39.6,0.0584113,104.5
723,5000,12.6,0.1524,39.6,0.0584113,104.13
724,6300,12.6,0.1524,39.6,0.0584113,103.38
725,800,0,0.0508,71.3,0.000740478,130.96
726,1000,0,0.0508,71.3,0.000740478,129.45
727,1250,0,0.0508,71.3,0.000740478,128.56
728,1600,0,0.0508,71.3,0.000740478,129.68
729,2000,0,0.0508,71.3,0.000740478,131.06
730,2500,0,0.0508,71.3,0.000740478,131.31
731,3150,0,0.0508,71.3,0.000740478,135.07
732,4000,0,0.0508,71.3,0.000740478,134.43
733,5000,0,0.0508,71.3,0.000740478,134.43
734,6300,0,0.0508,71.3,0.000740478,133.04
735,8000,0,0.0508,71.3,0.000740478,130.89
736,10000,0,0.0508,71.3,0.000740478,128.74
737,12500,0,0.0508,71.3,0.000740478,125.22
738,800,0,0.0508,55.5,0.00076193,124336
739,1000,0,0.0508,55.5,0.00076193,125586
740,1250,0,0.0508,55.5,0.00076193,127076
741,1600,0,0.0508,55.5,0.00076193,128576
742,2000,0,0.0508,55.5,0.00076193,131456
743,2500,0,0.0508,55.5,0.00076193,133956
744,3150,0,0.0508,55.5,0.00076193,134826
745,4000,0,0.0508,55.5,0.00076193,134946
746,5000,0,0.0508,55.5,0.00076193,134556
747,6300,0,0.0508,55.5,0.00076193,132796
748,8000,0,0.0508,55.5,0.00076193,130156
749,10000,0,0.0508,55.5,0.00076193,127636
750,12500,0,0.0508,55.5,0.00076193,125376
751,800,0,0.0508,39.6,0.000791822,126508
752,1000,0,0.0508,39.6,0.000791822,127638
753,1250,0,0.0508,39.6,0.000791822,129148
754,1600,0,0.0508,39.6,0.000791822,130908
755,2000,0,0.0508,39.6,0.000791822,132918
756,2500,0,0.0508,39.6,0.000791822,134938
757,3150,0,0.0508,39.6,0.000791822,135938
758,4000,0,0.0508,39.6,0.000791822,135308
759,5000,0,0.0508,39.6,0.000791822,134308
760,6300,0,0.0508,39.6,0.000791822,131918
761,8000,0,0.0508,39.6,0.000791822,128518
762,10000,0,0.0508,39.6,0.000791822,125998
763,12500,0,0.0508,39.6,0.000791822,123988
764,800,0,0.0508,31.7,0.000812164,122.79
765,1000,0,0.0508,31.7,0.000812164,126.78
766,1250,0,0.0508,31.7,0.000812164,129.27
767,1600,0,0.0508,31.7,0.000812164,131.01
768,2000,0,0.0508,31.7,0.000812164,133.01
769,2500,0,0.0508,31.7,0.000812164,134.87
770,3150,0,0.0508,31.7,0.000812164,135.49
771,4000,0,0.0508,31.7,0.000812164,134.11
772,5000,0,0.0508,31.7,0.000812164,133.23
773,6300,0,0.0508,31.7,0.000812164,130.34
774,8000,0,0.0508,31.7,0.000812164,126.59
775,10000,0,0.0508,31.7,0.000812164,122.45
776,12500,0,0.0508,31.7,0.000812164,119.07
777,1600,4.2,0.0508,71.3,0.00142788,124318
778,2000,4.2,0.0508,71.3,0.00142788,129848
779,2500,4.2,0.0508,71.3,0.00142788,131978
780,3150,4.2,0.0508,71.3,0.00142788,133728
781,4000,4.2,0.0508,71.3,0.00142788,133598
782,5000,4.2,0.0508,71.3,0.00142788,132828
783,6300,4.2,0.0508,71.3,0.00142788,129308
784,8000,4.2,0.0508,71.3,0.00142788,125268
785,10000,4.2,0.0508,71.3,0.00142788,121238
786,12500,4.2,0.0508,71.3,0.00142788,117328
787,1000,4.2,0.0508,39.6,0.00152689,125647
788,1250,4.2,0.0508,39.6,0.00152689,128427
789,1600,4.2,0.0508,39.6,0.00152689,130197
790,2000,4.2,0.0508,39.6,0.00152689,132587
791,2500,4.2,0.0508,39.6,0.00152689,133847
792,3150,4.2,0.0508,39.6,0.00152689,133587
793,4000,4.2,0.0508,39.6,0.00152689,131807
794,5000,4.2,0.0508,39.6,0.00152689,129777
795,6300,4.2,0.0508,39.6,0.00152689,125717
796,8000,4.2,0.0508,39.6,0.00152689,120397
797,10000,4.2,0.0508,39.6,0.00152689,116967
798,800,8.4,0.0508,71.3,0.00529514,127556
799,1000,8.4,0.0508,71.3,0.00529514,129946
800,1250,8.4,0.0508,71.3,0.00529514,132086
801,1600,8.4,0.0508,71.3,0.00529514,133846
802,2000,8.4,0.0508,71.3,0.00529514,134476
803,2500,8.4,0.0508,71.3,0.00529514,134226
804,3150,8.4,0.0508,71.3,0.00529514,131966
805,4000,8.4,0.0508,71.3,0.00529514,126926
806,5000,8.4,0.0508,71.3,0.00529514,121146
807,400,8.4,0.0508,55.5,0.00544854,121582
808,500,8.4,0.0508,55.5,0.00544854,123742
809,630,8.4,0.0508,55.5,0.00544854,126152
810,800,8.4,0.0508,55.5,0.00544854,128562
811,1000,8.4,0.0508,55.5,0.00544854,130722
812,1250,8.4,0.0508,55.5,0.00544854,132252
813,1600,8.4,0.0508,55.5,0.00544854,133032
814,2000,8.4,0.0508,55.5,0.00544854,133042
815,2500,8.4,0.0508,55.5,0.00544854,131542
816,3150,8.4,0.0508,55.5,0.00544854,128402
817,4000,8.4,0.0508,55.5,0.00544854,122612
818,5000,8.4,0.0508,55.5,0.00544854,115812
819,400,8.4,0.0508,39.6,0.00566229,120015
820,500,8.4,0.0508,39.6,0.00566229,122905
821,630,8.4,0.0508,39.6,0.00566229,126045
822,800,8.4,0.0508,39.6,0.00566229,128435
823,1000,8.4,0.0508,39.6,0.00566229,130195
824,1250,8.4,0.0508,39.6,0.00566229,131205
825,1600,8.4,0.0508,39.6,0.00566229,130965
826,2000,8.4,0.0508,39.6,0.00566229,129965
827,2500,8.4,0.0508,39.6,0.00566229,127465
828,3150,8.4,0.0508,39.6,0.00566229,123965
829,4000,8.4,0.0508,39.6,0.00566229,118955
830,400,8.4,0.0508,31.7,0.00580776,120076
831,500,8.4,0.0508,31.7,0.00580776,122966
832,630,8.4,0.0508,31.7,0.00580776,125856
833,800,8.4,0.0508,31.7,0.00580776,128246
834,1000,8.4,0.0508,31.7,0.00580776,129516
835,1250,8.4,0.0508,31.7,0.00580776,130156
836,1600,8.4,0.0508,31.7,0.00580776,129296
837,2000,8.4,0.0508,31.7,0.00580776,127686
838,2500,8.4,0.0508,31.7,0.00580776,125576
839,3150,8.4,0.0508,31.7,0.00580776,122086
840,4000,8.4,0.0508,31.7,0.00580776,118106
841,200,11.2,0.0508,71.3,0.014072,125941
842,250,11.2,0.0508,71.3,0.014072,127101
843,315,11.2,0.0508,71.3,0.014072,128381
844,400,11.2,0.0508,71.3,0.014072,129281
845,500,11.2,0.0508,71.3,0.014072,130311
846,630,11.2,0.0508,71.3,0.014072,133611
847,800,11.2,0.0508,71.3,0.014072,136031
848,1000,11.2,0.0508,71.3,0.014072,136941
849,1250,11.2,0.0508,71.3,0.014072,136191
850,1600,11.2,0.0508,71.3,0.014072,135191
851,2000,11.2,0.0508,71.3,0.014072,133311
852,2500,11.2,0.0508,71.3,0.014072,130541
853,3150,11.2,0.0508,71.3,0.014072,127141
854,4000,11.2,0.0508,71.3,0.014072,122471
855,200,11.2,0.0508,39.6,0.0150478,125.01
856,250,11.2,0.0508,39.6,0.0150478,126.43
857,315,11.2,0.0508,39.6,0.0150478,128.99
858,400,11.2,0.0508,39.6,0.0150478,130.67
859,500,11.2,0.0508,39.6,0.0150478,131.96
860,630,11.2,0.0508,39.6,0.0150478,133.13
861,800,11.2,0.0508,39.6,0.0150478,133.79
862,1000,11.2,0.0508,39.6,0.0150478,132.43
863,1250,11.2,0.0508,39.6,0.0150478,130.05
864,1600,11.2,0.0508,39.6,0.0150478,126.54
865,2000,11.2,0.0508,39.6,0.0150478,124.42
866,2500,11.2,0.0508,39.6,0.0150478,122.17
867,3150,11.2,0.0508,39.6,0.0150478,119.67
868,4000,11.2,0.0508,39.6,0.0150478,115.52
869,200,15.4,0.0508,71.3,0.0264269,123595
870,250,15.4,0.0508,71.3,0.0264269,124835
871,315,15.4,0.0508,71.3,0.0264269,126195
872,400,15.4,0.0508,71.3,0.0264269,126805
873,500,15.4,0.0508,71.3,0.0264269,127285
874,630,15.4,0.0508,71.3,0.0264269,129645
875,800,15.4,0.0508,71.3,0.0264269,131515
876,1000,15.4,0.0508,71.3,0.0264269,131865
877,1250,15.4,0.0508,71.3,0.0264269,130845
878,1600,15.4,0.0508,71.3,0.0264269,130065
879,2000,15.4,0.0508,71.3,0.0264269,129285
880,2500,15.4,0.0508,71.3,0.0264269,127625
881,3150,15.4,0.0508,71.3,0.0264269,125715
882,4000,15.4,0.0508,71.3,0.0264269,122675
883,5000,15.4,0.0508,71.3,0.0264269,119135
884,6300,15.4,0.0508,71.3,0.0264269,115215
885,8000,15.4,0.0508,71.3,0.0264269,112675
886,200,15.4,0.0508,55.5,0.0271925,122.94
887,250,15.4,0.0508,55.5,0.0271925,124.17
888,315,15.4,0.0508,55.5,0.0271925,125.39
889,400,15.4,0.0508,55.5,0.0271925,126.5
890,500,15.4,0.0508,55.5,0.0271925,127.22
891,630,15.4,0.0508,55.5,0.0271925,129.33
892,800,15.4,0.0508,55.5,0.0271925,130.43
893,1000,15.4,0.0508,55.5,0.0271925,130.4
894,1250,15.4,0.0508,55.5,0.0271925,130
895,1600,15.4,0.0508,55.5,0.0271925,128.2
896,2000,15.4,0.0508,55.5,0.0271925,127.04
897,2500,15.4,0.0508,55.5,0.0271925,125.63
898,3150,15.4,0.0508,55.5,0.0271925,123.46
899,4000,15.4,0.0508,55.5,0.0271925,120.92
900,5000,15.4,0.0508,55.5,0.0271925,117.11
901,6300,15.4,0.0508,55.5,0.0271925,112.93
902,200,15.4,0.0508,39.6,0.0282593,121783
903,250,15.4,0.0508,39.6,0.0282593,122893
904,315,15.4,0.0508,39.6,0.0282593,124493
905,400,15.4,0.0508,39.6,0.0282593,125353
906,500,15.4,0.0508,39.6,0.0282593,125963
907,630,15.4,0.0508,39.6,0.0282593,127443
908,800,15.4,0.0508,39.6,0.0282593,128423
909,1000,15.4,0.0508,39.6,0.0282593,127893
910,1250,15.4,0.0508,39.6,0.0282593,126743
911,1600,15.4,0.0508,39.6,0.0282593,124843
912,2000,15.4,0.0508,39.6,0.0282593,123443
913,2500,15.4,0.0508,39.6,0.0282593,122413
914,3150,15.4,0.0508,39.6,0.0282593,120513
915,4000,15.4,0.0508,39.6,0.0282593,118113
916,5000,15.4,0.0508,39.6,0.0282593,114453
917,6300,15.4,0.0508,39.6,0.0282593,109663
918,200,15.4,0.0508,31.7,0.0289853,119975
919,250,15.4,0.0508,31.7,0.0289853,121225
920,315,15.4,0.0508,31.7,0.0289853,122845
921,400,15.4,0.0508,31.7,0.0289853,123705
922,500,15.4,0.0508,31.7,0.0289853,123695
923,630,15.4,0.0508,31.7,0.0289853,124685
924,800,15.4,0.0508,31.7,0.0289853,125555
925,1000,15.4,0.0508,31.7,0.0289853,124525
926,1250,15.4,0.0508,31.7,0.0289853,123255
927,1600,15.4,0.0508,31.7,0.0289853,121485
928,2000,15.4,0.0508,31.7,0.0289853,120835
929,2500,15.4,0.0508,31.7,0.0289853,119945
930,3150,15.4,0.0508,31.7,0.0289853,118045
931,4000,15.4,0.0508,31.7,0.0289853,115635
932,5000,15.4,0.0508,31.7,0.0289853,112355
933,6300,15.4,0.0508,31.7,0.0289853,108185
934,200,19.7,0.0508,71.3,0.0341183,118005
935,250,19.7,0.0508,71.3,0.0341183,119115
936,315,19.7,0.0508,71.3,0.0341183,121235
937,400,19.7,0.0508,71.3,0.0341183,123865
938,500,19.7,0.0508,71.3,0.0341183,126995
939,630,19.7,0.0508,71.3,0.0341183,128365
940,800,19.7,0.0508,71.3,0.0341183,124555
941,1000,19.7,0.0508,71.3,0.0341183,121885
942,1250,19.7,0.0508,71.3,0.0341183,121485
943,1600,19.7,0.0508,71.3,0.0341183,120575
944,2000,19.7,0.0508,71.3,0.0341183,120055
945,2500,19.7,0.0508,71.3,0.0341183,118385
946,3150,19.7,0.0508,71.3,0.0341183,116225
947,4000,19.7,0.0508,71.3,0.0341183,113045
948,200,19.7,0.0508,39.6,0.036484,125974
949,250,19.7,0.0508,39.6,0.036484,127224
950,315,19.7,0.0508,39.6,0.036484,129864
951,400,19.7,0.0508,39.6,0.036484,130614
952,500,19.7,0.0508,39.6,0.036484,128444
953,630,19.7,0.0508,39.6,0.036484,120324
954,800,19.7,0.0508,39.6,0.036484,119174
955,1000,19.7,0.0508,39.6,0.036484,118904
956,1250,19.7,0.0508,39.6,0.036484,118634
957,1600,19.7,0.0508,39.6,0.036484,117604
958,2000,19.7,0.0508,39.6,0.036484,117724
959,2500,19.7,0.0508,39.6,0.036484,116184
960,3150,19.7,0.0508,39.6,0.036484,113004
961,4000,19.7,0.0508,39.6,0.036484,108684
962,2500,0,0.0254,71.3,0.000400682,133707
963,3150,0,0.0254,71.3,0.000400682,137007
964,4000,0,0.0254,71.3,0.000400682,138557
965,5000,0,0.0254,71.3,0.000400682,136837
966,6300,0,0.0254,71.3,0.000400682,134987
967,8000,0,0.0254,71.3,0.000400682,129867
968,10000,0,0.0254,71.3,0.000400682,130787
969,12500,0,0.0254,71.3,0.000400682,133207
970,16000,0,0.0254,71.3,0.000400682,130477
971,20000,0,0.0254,71.3,0.000400682,123217
972,2000,0,0.0254,55.5,0.00041229,127623
973,2500,0,0.0254,55.5,0.00041229,130073
974,3150,0,0.0254,55.5,0.00041229,130503
975,4000,0,0.0254,55.5,0.00041229,133223
976,5000,0,0.0254,55.5,0.00041229,135803
977,6300,0,0.0254,55.5,0.00041229,136103
978,8000,0,0.0254,55.5,0.00041229,136163
979,10000,0,0.0254,55.5,0.00041229,134563
980,12500,0,0.0254,55.5,0.00041229,131453
981,16000,0,0.0254,55.5,0.00041229,125683
982,20000,0,0.0254,55.5,0.00041229,121933
983,1600,0,0.0254,39.6,0.000428464,124156
984,2000,0,0.0254,39.6,0.000428464,130026
985,2500,0,0.0254,39.6,0.000428464,131836
986,3150,0,0.0254,39.6,0.000428464,133276
987,4000,0,0.0254,39.6,0.000428464,135346
988,5000,0,0.0254,39.6,0.000428464,136536
989,6300,0,0.0254,39.6,0.000428464,136826
990,8000,0,0.0254,39.6,0.000428464,135866
991,10000,0,0.0254,39.6,0.000428464,133376
992,12500,0,0.0254,39.6,0.000428464,129116
993,16000,0,0.0254,39.6,0.000428464,124986
994,1000,0,0.0254,31.7,0.000439472,125127
995,1250,0,0.0254,31.7,0.000439472,127947
996,1600,0,0.0254,31.7,0.000439472,129267
997,2000,0,0.0254,31.7,0.000439472,130697
998,2500,0,0.0254,31.7,0.000439472,132897
999,3150,0,0.0254,31.7,0.000439472,135227
1000,4000,0,0.0254,31.7,0.000439472,137047
1001,5000,0,0.0254,31.7,0.000439472,138607
1002,6300,0,0.0254,31.7,0.000439472,138537
1003,8000,0,0.0254,31.7,0.000439472,137207
1004,10000,0,0.0254,31.7,0.000439472,134227
1005,12500,0,0.0254,31.7,0.000439472,128977
1006,16000,0,0.0254,31.7,0.000439472,125627
1007,2000,4.8,0.0254,71.3,0.000848633,128398
1008,2500,4.8,0.0254,71.3,0.000848633,130828
1009,3150,4.8,0.0254,71.3,0.000848633,133378
1010,4000,4.8,0.0254,71.3,0.000848633,134928
1011,5000,4.8,0.0254,71.3,0.000848633,135468
1012,6300,4.8,0.0254,71.3,0.000848633,134498
1013,8000,4.8,0.0254,71.3,0.000848633,131518
1014,10000,4.8,0.0254,71.3,0.000848633,127398
1015,12500,4.8,0.0254,71.3,0.000848633,127688
1016,16000,4.8,0.0254,71.3,0.000848633,124208
1017,20000,4.8,0.0254,71.3,0.000848633,119708
1018,1600,4.8,0.0254,55.5,0.000873218,121474
1019,2000,4.8,0.0254,55.5,0.000873218,125054
1020,2500,4.8,0.0254,55.5,0.000873218,129144
1021,3150,4.8,0.0254,55.5,0.000873218,132354
1022,4000,4.8,0.0254,55.5,0.000873218,133924
1023,5000,4.8,0.0254,55.5,0.000873218,135484
1024,6300,4.8,0.0254,55.5,0.000873218,135164
1025,8000,4.8,0.0254,55.5,0.000873218,132184
1026,10000,4.8,0.0254,55.5,0.000873218,126944
1027,12500,4.8,0.0254,55.5,0.000873218,125094
1028,16000,4.8,0.0254,55.5,0.000873218,124394
1029,20000,4.8,0.0254,55.5,0.000873218,121284
1030,500,4.8,0.0254,39.6,0.000907475,116366
1031,630,4.8,0.0254,39.6,0.000907475,118696
1032,800,4.8,0.0254,39.6,0.000907475,120766
1033,1000,4.8,0.0254,39.6,0.000907475,122956
1034,1250,4.8,0.0254,39.6,0.000907475,125026
1035,1600,4.8,0.0254,39.6,0.000907475,125966
1036,2000,4.8,0.0254,39.6,0.000907475,128916
1037,2500,4.8,0.0254,39.6,0.000907475,131236
1038,3150,4.8,0.0254,39.6,0.000907475,133436
1039,4000,4.8,0.0254,39.6,0.000907475,134996
1040,5000,4.8,0.0254,39.6,0.000907475,135426
1041,6300,4.8,0.0254,39.6,0.000907475,134336
1042,8000,4.8,0.0254,39.6,0.000907475,131346
1043,10000,4.8,0.0254,39.6,0.000907475,126066
1044,500,4.8,0.0254,31.7,0.000930789,116128
1045,630,4.8,0.0254,31.7,0.000930789,120078
1046,800,4.8,0.0254,31.7,0.000930789,122648
1047,1000,4.8,0.0254,31.7,0.000930789,125348
1048,1250,4.8,0.0254,31.7,0.000930789,127408
1049,1600,4.8,0.0254,31.7,0.000930789,128718
1050,2000,4.8,0.0254,31.7,0.000930789,130148
1051,2500,4.8,0.0254,31.7,0.000930789,132588
1052,3150,4.8,0.0254,31.7,0.000930789,134268
1053,4000,4.8,0.0254,31.7,0.000930789,135328
1054,5000,4.8,0.0254,31.7,0.000930789,135248
1055,6300,4.8,0.0254,31.7,0.000930789,132898
1056,8000,4.8,0.0254,31.7,0.000930789,127008
1057,630,9.5,0.0254,71.3,0.00420654,125726
1058,800,9.5,0.0254,71.3,0.00420654,127206
1059,1000,9.5,0.0254,71.3,0.00420654,129556
1060,1250,9.5,0.0254,71.3,0.00420654,131656
1061,1600,9.5,0.0254,71.3,0.00420654,133756
1062,2000,9.5,0.0254,71.3,0.00420654,134976
1063,2500,9.5,0.0254,71.3,0.00420654,135956
1064,3150,9.5,0.0254,71.3,0.00420654,136166
1065,4000,9.5,0.0254,71.3,0.00420654,134236
1066,5000,9.5,0.0254,71.3,0.00420654,131186
1067,6300,9.5,0.0254,71.3,0.00420654,127246
1068,400,9.5,0.0254,55.5,0.0043284,120952
1069,500,9.5,0.0254,55.5,0.0043284,123082
1070,630,9.5,0.0254,55.5,0.0043284,125452
1071,800,9.5,0.0254,55.5,0.0043284,128082
1072,1000,9.5,0.0254,55.5,0.0043284,130332
1073,1250,9.5,0.0254,55.5,0.0043284,132202
1074,1600,9.5,0.0254,55.5,0.0043284,133062
1075,2000,9.5,0.0254,55.5,0.0043284,134052
1076,2500,9.5,0.0254,55.5,0.0043284,134152
1077,3150,9.5,0.0254,55.5,0.0043284,133252
1078,4000,9.5,0.0254,55.5,0.0043284,131582
1079,5000,9.5,0.0254,55.5,0.0043284,128412
1080,6300,9.5,0.0254,55.5,0.0043284,124222
1081,200,9.5,0.0254,39.6,0.00449821,116074
1082,250,9.5,0.0254,39.6,0.00449821,116924
1083,315,9.5,0.0254,39.6,0.00449821,119294
1084,400,9.5,0.0254,39.6,0.00449821,121154
1085,500,9.5,0.0254,39.6,0.00449821,123894
1086,630,9.5,0.0254,39.6,0.00449821,126514
1087,800,9.5,0.0254,39.6,0.00449821,129014
1088,1000,9.5,0.0254,39.6,0.00449821,130374
1089,1250,9.5,0.0254,39.6,0.00449821,130964
1090,1600,9.5,0.0254,39.6,0.00449821,131184
1091,2000,9.5,0.0254,39.6,0.00449821,131274
1092,2500,9.5,0.0254,39.6,0.00449821,131234
1093,3150,9.5,0.0254,39.6,0.00449821,129934
1094,4000,9.5,0.0254,39.6,0.00449821,127864
1095,5000,9.5,0.0254,39.6,0.00449821,125044
1096,6300,9.5,0.0254,39.6,0.00449821,120324
1097,200,9.5,0.0254,31.7,0.00461377,119146
1098,250,9.5,0.0254,31.7,0.00461377,120136
1099,315,9.5,0.0254,31.7,0.00461377,122766
1100,400,9.5,0.0254,31.7,0.00461377,124756
1101,500,9.5,0.0254,31.7,0.00461377,126886
1102,630,9.5,0.0254,31.7,0.00461377,129006
1103,800,9.5,0.0254,31.7,0.00461377,130746
1104,1000,9.5,0.0254,31.7,0.00461377,131346
1105,1250,9.5,0.0254,31.7,0.00461377,131446
1106,1600,9.5,0.0254,31.7,0.00461377,131036
1107,2000,9.5,0.0254,31.7,0.00461377,130496
1108,2500,9.5,0.0254,31.7,0.00461377,130086
1109,3150,9.5,0.0254,31.7,0.00461377,128536
1110,4000,9.5,0.0254,31.7,0.00461377,126736
1111,5000,9.5,0.0254,31.7,0.00461377,124426
1112,6300,9.5,0.0254,31.7,0.00461377,120726
1113,250,12.7,0.0254,71.3,0.0121808,119698
1114,315,12.7,0.0254,71.3,0.0121808,122938
1115,400,12.7,0.0254,71.3,0.0121808,125048
1116,500,12.7,0.0254,71.3,0.0121808,126898
1117,630,12.7,0.0254,71.3,0.0121808,128878
1118,800,12.7,0.0254,71.3,0.0121808,130348
1119,1000,12.7,0.0254,71.3,0.0121808,131698
1120,1250,12.7,0.0254,71.3,0.0121808,133048
1121,1600,12.7,0.0254,71.3,0.0121808,134528
1122,2000,12.7,0.0254,71.3,0.0121808,134228
1123,2500,12.7,0.0254,71.3,0.0121808,134058
1124,3150,12.7,0.0254,71.3,0.0121808,133758
1125,4000,12.7,0.0254,71.3,0.0121808,131808
1126,5000,12.7,0.0254,71.3,0.0121808,128978
1127,6300,12.7,0.0254,71.3,0.0121808,125398
1128,8000,12.7,0.0254,71.3,0.0121808,120538
1129,10000,12.7,0.0254,71.3,0.0121808,114418
1130,250,12.7,0.0254,39.6,0.0130253,121547
1131,315,12.7,0.0254,39.6,0.0130253,123537
1132,400,12.7,0.0254,39.6,0.0130253,125527
1133,500,12.7,0.0254,39.6,0.0130253,127127
1134,630,12.7,0.0254,39.6,0.0130253,128867
1135,800,12.7,0.0254,39.6,0.0130253,130217
1136,1000,12.7,0.0254,39.6,0.0130253,130947
1137,1250,12.7,0.0254,39.6,0.0130253,130777
1138,1600,12.7,0.0254,39.6,0.0130253,129977
1139,2000,12.7,0.0254,39.6,0.0130253,129567
1140,2500,12.7,0.0254,39.6,0.0130253,129027
1141,3150,12.7,0.0254,39.6,0.0130253,127847
1142,4000,12.7,0.0254,39.6,0.0130253,126537
1143,5000,12.7,0.0254,39.6,0.0130253,125107
1144,6300,12.7,0.0254,39.6,0.0130253,123177
1145,8000,12.7,0.0254,39.6,0.0130253,120607
1146,10000,12.7,0.0254,39.6,0.0130253,116017
1147,200,17.4,0.0254,71.3,0.016104,112506
1148,250,17.4,0.0254,71.3,0.016104,113796
1149,315,17.4,0.0254,71.3,0.016104,115846
1150,400,17.4,0.0254,71.3,0.016104,117396
1151,500,17.4,0.0254,71.3,0.016104,119806
1152,630,17.4,0.0254,71.3,0.016104,122606
1153,800,17.4,0.0254,71.3,0.016104,124276
1154,1000,17.4,0.0254,71.3,0.016104,125816
1155,1250,17.4,0.0254,71.3,0.016104,126356
1156,1600,17.4,0.0254,71.3,0.016104,126406
1157,2000,17.4,0.0254,71.3,0.016104,126826
1158,2500,17.4,0.0254,71.3,0.016104,126746
1159,3150,17.4,0.0254,71.3,0.016104,126536
1160,4000,17.4,0.0254,71.3,0.016104,125586
1161,5000,17.4,0.0254,71.3,0.016104,123126
1162,6300,17.4,0.0254,71.3,0.016104,119916
1163,8000,17.4,0.0254,71.3,0.016104,115466
1164,200,17.4,0.0254,55.5,0.0165706,109951
1165,250,17.4,0.0254,55.5,0.0165706,110491
1166,315,17.4,0.0254,55.5,0.0165706,111911
1167,400,17.4,0.0254,55.5,0.0165706,115461
1168,500,17.4,0.0254,55.5,0.0165706,119621
1169,630,17.4,0.0254,55.5,0.0165706,122411
1170,800,17.4,0.0254,55.5,0.0165706,123091
1171,1000,17.4,0.0254,55.5,0.0165706,126001
1172,1250,17.4,0.0254,55.5,0.0165706,129301
1173,1600,17.4,0.0254,55.5,0.0165706,126471
1174,2000,17.4,0.0254,55.5,0.0165706,125261
1175,2500,17.4,0.0254,55.5,0.0165706,124931
1176,3150,17.4,0.0254,55.5,0.0165706,124101
1177,4000,17.4,0.0254,55.5,0.0165706,121771
1178,5000,17.4,0.0254,55.5,0.0165706,118941
1179,6300,17.4,0.0254,55.5,0.0165706,114861
1180,200,17.4,0.0254,39.6,0.0172206,114044
1181,250,17.4,0.0254,39.6,0.0172206,114714
1182,315,17.4,0.0254,39.6,0.0172206,115144
1183,400,17.4,0.0254,39.6,0.0172206,115444
1184,500,17.4,0.0254,39.6,0.0172206,117514
1185,630,17.4,0.0254,39.6,0.0172206,124514
1186,800,17.4,0.0254,39.6,0.0172206,135324
1187,1000,17.4,0.0254,39.6,0.0172206,138274
1188,1250,17.4,0.0254,39.6,0.0172206,131364
1189,1600,17.4,0.0254,39.6,0.0172206,127614
1190,2000,17.4,0.0254,39.6,0.0172206,126644
1191,2500,17.4,0.0254,39.6,0.0172206,124154
1192,3150,17.4,0.0254,39.6,0.0172206,123564
1193,4000,17.4,0.0254,39.6,0.0172206,122724
1194,5000,17.4,0.0254,39.6,0.0172206,119854
1195,200,17.4,0.0254,31.7,0.0176631,116146
1196,250,17.4,0.0254,31.7,0.0176631,116956
1197,315,17.4,0.0254,31.7,0.0176631,118416
1198,400,17.4,0.0254,31.7,0.0176631,120766
1199,500,17.4,0.0254,31.7,0.0176631,127676
1200,630,17.4,0.0254,31.7,0.0176631,136886
1201,800,17.4,0.0254,31.7,0.0176631,139226
1202,1000,17.4,0.0254,31.7,0.0176631,131796
1203,1250,17.4,0.0254,31.7,0.0176631,128306
1204,1600,17.4,0.0254,31.7,0.0176631,126846
1205,2000,17.4,0.0254,31.7,0.0176631,124356
1206,2500,17.4,0.0254,31.7,0.0176631,124166
1207,3150,17.4,0.0254,31.7,0.0176631,123466
1208,4000,17.4,0.0254,31.7,0.0176631,121996
1209,5000,17.4,0.0254,31.7,0.0176631,117996
1210,315,22.2,0.0254,71.3,0.0214178,115857
1211,400,22.2,0.0254,71.3,0.0214178,117927
1212,500,22.2,0.0254,71.3,0.0214178,117967
1213,630,22.2,0.0254,71.3,0.0214178,120657
1214,800,22.2,0.0254,71.3,0.0214178,123227
1215,1000,22.2,0.0254,71.3,0.0214178,134247
1216,1250,22.2,0.0254,71.3,0.0214178,140987
1217,1600,22.2,0.0254,71.3,0.0214178,131817
1218,2000,22.2,0.0254,71.3,0.0214178,127197
1219,2500,22.2,0.0254,71.3,0.0214178,126097
1220,3150,22.2,0.0254,71.3,0.0214178,124127
1221,4000,22.2,0.0254,71.3,0.0214178,123917
1222,5000,22.2,0.0254,71.3,0.0214178,125727
1223,6300,22.2,0.0254,71.3,0.0214178,123127
1224,8000,22.2,0.0254,71.3,0.0214178,121657
1225,200,22.2,0.0254,39.6,0.0229028,116066
1226,250,22.2,0.0254,39.6,0.0229028,117386
1227,315,22.2,0.0254,39.6,0.0229028,120716
1228,400,22.2,0.0254,39.6,0.0229028,123416
1229,500,22.2,0.0254,39.6,0.0229028,129776
1230,630,22.2,0.0254,39.6,0.0229028,137026
1231,800,22.2,0.0254,39.6,0.0229028,137076
1232,1000,22.2,0.0254,39.6,0.0229028,128416
1233,1250,22.2,0.0254,39.6,0.0229028,126446
1234,1600,22.2,0.0254,39.6,0.0229028,122216
1235,2000,22.2,0.0254,39.6,0.0229028,121256
1236,2500,22.2,0.0254,39.6,0.0229028,121306
1237,3150,22.2,0.0254,39.6,0.0229028,120856
1238,4000,22.2,0.0254,39.6,0.0229028,119646
1239,5000,22.2,0.0254,39.6,0.0229028,118816
1240,630,0,0.1016,71.3,0.00121072,124155
1241,800,0,0.1016,71.3,0.00121072,126805
1242,1000,0,0.1016,71.3,0.00121072,128825
1243,1250,0,0.1016,71.3,0.00121072,130335
1244,1600,0,0.1016,71.3,0.00121072,131725
1245,2000,0,0.1016,71.3,0.00121072,132095
1246,2500,0,0.1016,71.3,0.00121072,132595
1247,3150,0,0.1016,71.3,0.00121072,131955
1248,4000,0,0.1016,71.3,0.00121072,130935
1249,5000,0,0.1016,71.3,0.00121072,130795
1250,6300,0,0.1016,71.3,0.00121072,129395
1251,8000,0,0.1016,71.3,0.00121072,125465
1252,10000,0,0.1016,71.3,0.00121072,123305
1253,12500,0,0.1016,71.3,0.00121072,119375
1254,630,0,0.1016,55.5,0.00131983,126.17
1255,800,0,0.1016,55.5,0.00131983,127.92
1256,1000,0,0.1016,55.5,0.00131983,129.8
1257,1250,0,0.1016,55.5,0.00131983,131.43
1258,1600,0,0.1016,55.5,0.00131983,132.05
1259,2000,0,0.1016,55.5,0.00131983,132.54
1260,2500,0,0.1016,55.5,0.00131983,133.04
1261,3150,0,0.1016,55.5,0.00131983,131.78
1262,4000,0,0.1016,55.5,0.00131983,129.5
1263,5000,0,0.1016,55.5,0.00131983,128.36
1264,6300,0,0.1016,55.5,0.00131983,127.73
1265,8000,0,0.1016,55.5,0.00131983,124.45
1266,10000,0,0.1016,55.5,0.00131983,121.93
1267,12500,0,0.1016,55.5,0.00131983,119.91
1268,630,0,0.1016,39.6,0.00146332,125401
1269,800,0,0.1016,39.6,0.00146332,128401
1270,1000,0,0.1016,39.6,0.00146332,130781
1271,1250,0,0.1016,39.6,0.00146332,132271
1272,1600,0,0.1016,39.6,0.00146332,133261
1273,2000,0,0.1016,39.6,0.00146332,133251
1274,2500,0,0.1016,39.6,0.00146332,132611
1275,3150,0,0.1016,39.6,0.00146332,130961
1276,4000,0,0.1016,39.6,0.00146332,127801
1277,5000,0,0.1016,39.6,0.00146332,126021
1278,6300,0,0.1016,39.6,0.00146332,125631
1279,8000,0,0.1016,39.6,0.00146332,122341
1280,10000,0,0.1016,39.6,0.00146332,119561
1281,630,0,0.1016,31.7,0.00150092,126413
1282,800,0,0.1016,31.7,0.00150092,129053
1283,1000,0,0.1016,31.7,0.00150092,131313
1284,1250,0,0.1016,31.7,0.00150092,133063
1285,1600,0,0.1016,31.7,0.00150092,133553
1286,2000,0,0.1016,31.7,0.00150092,133153
1287,2500,0,0.1016,31.7,0.00150092,132003
1288,3150,0,0.1016,31.7,0.00150092,129973
1289,4000,0,0.1016,31.7,0.00150092,126933
1290,5000,0,0.1016,31.7,0.00150092,124393
1291,6300,0,0.1016,31.7,0.00150092,124253
1292,8000,0,0.1016,31.7,0.00150092,120193
1293,10000,0,0.1016,31.7,0.00150092,115893
1294,800,3.3,0.1016,71.3,0.00202822,131074
1295,1000,3.3,0.1016,71.3,0.00202822,131434
1296,1250,3.3,0.1016,71.3,0.00202822,132304
1297,1600,3.3,0.1016,71.3,0.00202822,133664
1298,2000,3.3,0.1016,71.3,0.00202822,134034
1299,2500,3.3,0.1016,71.3,0.00202822,133894
1300,3150,3.3,0.1016,71.3,0.00202822,132114
1301,4000,3.3,0.1016,71.3,0.00202822,128704
1302,5000,3.3,0.1016,71.3,0.00202822,127054
1303,6300,3.3,0.1016,71.3,0.00202822,124904
1304,8000,3.3,0.1016,71.3,0.00202822,121234
1305,10000,3.3,0.1016,71.3,0.00202822,116694
1306,630,3.3,0.1016,55.5,0.002211,126599
1307,800,3.3,0.1016,55.5,0.002211,129119
1308,1000,3.3,0.1016,55.5,0.002211,131129
1309,1250,3.3,0.1016,55.5,0.002211,132769
1310,1600,3.3,0.1016,55.5,0.002211,133649
1311,2000,3.3,0.1016,55.5,0.002211,133649
1312,2500,3.3,0.1016,55.5,0.002211,132889
1313,3150,3.3,0.1016,55.5,0.002211,130629
1314,4000,3.3,0.1016,55.5,0.002211,127229
1315,5000,3.3,0.1016,55.5,0.002211,124839
1316,6300,3.3,0.1016,55.5,0.002211,123839
1317,8000,3.3,0.1016,55.5,0.002211,120569
1318,10000,3.3,0.1016,55.5,0.002211,115659
1319,630,3.3,0.1016,39.6,0.00245138,127251
1320,800,3.3,0.1016,39.6,0.00245138,129991
1321,1000,3.3,0.1016,39.6,0.00245138,131971
1322,1250,3.3,0.1016,39.6,0.00245138,133211
1323,1600,3.3,0.1016,39.6,0.00245138,133071
1324,2000,3.3,0.1016,39.6,0.00245138,132301
1325,2500,3.3,0.1016,39.6,0.00245138,130791
1326,3150,3.3,0.1016,39.6,0.00245138,128401
1327,4000,3.3,0.1016,39.6,0.00245138,124881
1328,5000,3.3,0.1016,39.6,0.00245138,122371
1329,6300,3.3,0.1016,39.6,0.00245138,120851
1330,8000,3.3,0.1016,39.6,0.00245138,118091
1331,10000,3.3,0.1016,39.6,0.00245138,115321
1332,630,3.3,0.1016,31.7,0.00251435,128952
1333,800,3.3,0.1016,31.7,0.00251435,131362
1334,1000,3.3,0.1016,31.7,0.00251435,133012
1335,1250,3.3,0.1016,31.7,0.00251435,134022
1336,1600,3.3,0.1016,31.7,0.00251435,133402
1337,2000,3.3,0.1016,31.7,0.00251435,131642
1338,2500,3.3,0.1016,31.7,0.00251435,130392
1339,3150,3.3,0.1016,31.7,0.00251435,128252
1340,4000,3.3,0.1016,31.7,0.00251435,124852
1341,5000,3.3,0.1016,31.7,0.00251435,122082
1342,6300,3.3,0.1016,31.7,0.00251435,120702
1343,8000,3.3,0.1016,31.7,0.00251435,117432
1344,630,6.7,0.1016,71.3,0.00478288,131448
1345,800,6.7,0.1016,71.3,0.00478288,134478
1346,1000,6.7,0.1016,71.3,0.00478288,136758
1347,1250,6.7,0.1016,71.3,0.00478288,137658
1348,1600,6.7,0.1016,71.3,0.00478288,136678
1349,2000,6.7,0.1016,71.3,0.00478288,134568
1350,2500,6.7,0.1016,71.3,0.00478288,131458
1351,3150,6.7,0.1016,71.3,0.00478288,124458
1352,500,6.7,0.1016,55.5,0.0052139,129343
1353,630,6.7,0.1016,55.5,0.0052139,133023
1354,800,6.7,0.1016,55.5,0.0052139,135953
1355,1000,6.7,0.1016,55.5,0.0052139,137233
1356,1250,6.7,0.1016,55.5,0.0052139,136883
1357,1600,6.7,0.1016,55.5,0.0052139,133653
1358,2000,6.7,0.1016,55.5,0.0052139,129653
1359,2500,6.7,0.1016,55.5,0.0052139,124273
1360,400,6.7,0.1016,39.6,0.00578076,128295
1361,500,6.7,0.1016,39.6,0.00578076,130955
1362,630,6.7,0.1016,39.6,0.00578076,133355
1363,800,6.7,0.1016,39.6,0.00578076,134625
1364,1000,6.7,0.1016,39.6,0.00578076,134515
1365,1250,6.7,0.1016,39.6,0.00578076,132395
1366,1600,6.7,0.1016,39.6,0.00578076,127375
1367,2000,6.7,0.1016,39.6,0.00578076,122235
1368,315,6.7,0.1016,31.7,0.00592927,126266
1369,400,6.7,0.1016,31.7,0.00592927,128296
1370,500,6.7,0.1016,31.7,0.00592927,130206
1371,630,6.7,0.1016,31.7,0.00592927,132116
1372,800,6.7,0.1016,31.7,0.00592927,132886
1373,1000,6.7,0.1016,31.7,0.00592927,131636
1374,1250,6.7,0.1016,31.7,0.00592927,129256
1375,1600,6.7,0.1016,31.7,0.00592927,124346
1376,2000,6.7,0.1016,31.7,0.00592927,120446
1377,200,8.9,0.1016,71.3,0.0103088,133503
1378,250,8.9,0.1016,71.3,0.0103088,134533
1379,315,8.9,0.1016,71.3,0.0103088,136583
1380,400,8.9,0.1016,71.3,0.0103088,138123
1381,500,8.9,0.1016,71.3,0.0103088,138523
1382,630,8.9,0.1016,71.3,0.0103088,138423
1383,800,8.9,0.1016,71.3,0.0103088,137813
1384,1000,8.9,0.1016,71.3,0.0103088,135433
1385,1250,8.9,0.1016,71.3,0.0103088,132793
1386,1600,8.9,0.1016,71.3,0.0103088,128763
1387,2000,8.9,0.1016,71.3,0.0103088,124233
1388,2500,8.9,0.1016,71.3,0.0103088,123623
1389,3150,8.9,0.1016,71.3,0.0103088,123263
1390,4000,8.9,0.1016,71.3,0.0103088,120243
1391,5000,8.9,0.1016,71.3,0.0103088,116723
1392,6300,8.9,0.1016,71.3,0.0103088,117253
1393,200,8.9,0.1016,39.6,0.0124596,133.42
1394,250,8.9,0.1016,39.6,0.0124596,134.34
1395,315,8.9,0.1016,39.6,0.0124596,135.38
1396,400,8.9,0.1016,39.6,0.0124596,135.54
1397,500,8.9,0.1016,39.6,0.0124596,133.79
1398,630,8.9,0.1016,39.6,0.0124596,131.92
1399,800,8.9,0.1016,39.6,0.0124596,130.94
1400,1000,8.9,0.1016,39.6,0.0124596,129.58
1401,1250,8.9,0.1016,39.6,0.0124596,127.71
1402,1600,8.9,0.1016,39.6,0.0124596,123.82
1403,2000,8.9,0.1016,39.6,0.0124596,119.04
1404,2500,8.9,0.1016,39.6,0.0124596,119.19
1405,3150,8.9,0.1016,39.6,0.0124596,119.35
1406,4000,8.9,0.1016,39.6,0.0124596,116.22
1407,5000,8.9,0.1016,39.6,0.0124596,113.08
1408,6300,8.9,0.1016,39.6,0.0124596,113.11
1409,200,12.3,0.1016,71.3,0.0337792,130588
1410,250,12.3,0.1016,71.3,0.0337792,131568
1411,315,12.3,0.1016,71.3,0.0337792,137068
1412,400,12.3,0.1016,71.3,0.0337792,139428
1413,500,12.3,0.1016,71.3,0.0337792,140158
1414,630,12.3,0.1016,71.3,0.0337792,135368
1415,800,12.3,0.1016,71.3,0.0337792,127318
1416,1000,12.3,0.1016,71.3,0.0337792,127928
1417,1250,12.3,0.1016,71.3,0.0337792,126648
1418,1600,12.3,0.1016,71.3,0.0337792,124748
1419,2000,12.3,0.1016,71.3,0.0337792,122218
1420,2500,12.3,0.1016,71.3,0.0337792,121318
1421,3150,12.3,0.1016,71.3,0.0337792,120798
1422,4000,12.3,0.1016,71.3,0.0337792,118018
1423,5000,12.3,0.1016,71.3,0.0337792,116108
1424,6300,12.3,0.1016,71.3,0.0337792,113958
1425,200,12.3,0.1016,55.5,0.0368233,132304
1426,250,12.3,0.1016,55.5,0.0368233,133294
1427,315,12.3,0.1016,55.5,0.0368233,135674
1428,400,12.3,0.1016,55.5,0.0368233,136414
1429,500,12.3,0.1016,55.5,0.0368233,133774
1430,630,12.3,0.1016,55.5,0.0368233,124244
1431,800,12.3,0.1016,55.5,0.0368233,125114
1432,1000,12.3,0.1016,55.5,0.0368233,125484
1433,1250,12.3,0.1016,55.5,0.0368233,124214
1434,1600,12.3,0.1016,55.5,0.0368233,121824
1435,2000,12.3,0.1016,55.5,0.0368233,118564
1436,2500,12.3,0.1016,55.5,0.0368233,117054
1437,3150,12.3,0.1016,55.5,0.0368233,116914
1438,4000,12.3,0.1016,55.5,0.0368233,114404
1439,5000,12.3,0.1016,55.5,0.0368233,112014
1440,6300,12.3,0.1016,55.5,0.0368233,110124
1441,200,12.3,0.1016,39.6,0.0408268,128545
1442,250,12.3,0.1016,39.6,0.0408268,129675
1443,315,12.3,0.1016,39.6,0.0408268,129415
1444,400,12.3,0.1016,39.6,0.0408268,128265
1445,500,12.3,0.1016,39.6,0.0408268,122205
1446,630,12.3,0.1016,39.6,0.0408268,121315
1447,800,12.3,0.1016,39.6,0.0408268,122315
1448,1000,12.3,0.1016,39.6,0.0408268,122435
1449,1250,12.3,0.1016,39.6,0.0408268,121165
1450,1600,12.3,0.1016,39.6,0.0408268,117875
1451,2000,12.3,0.1016,39.6,0.0408268,114085
1452,2500,12.3,0.1016,39.6,0.0408268,113315
1453,3150,12.3,0.1016,39.6,0.0408268,113055
1454,4000,12.3,0.1016,39.6,0.0408268,110905
1455,5000,12.3,0.1016,39.6,0.0408268,108625
1456,6300,12.3,0.1016,39.6,0.0408268,107985
1457,200,12.3,0.1016,31.7,0.0418756,124987
1458,250,12.3,0.1016,31.7,0.0418756,125857
1459,315,12.3,0.1016,31.7,0.0418756,124717
1460,400,12.3,0.1016,31.7,0.0418756,123207
1461,500,12.3,0.1016,31.7,0.0418756,118667
1462,630,12.3,0.1016,31.7,0.0418756,119287
1463,800,12.3,0.1016,31.7,0.0418756,120037
1464,1000,12.3,0.1016,31.7,0.0418756,119777
1465,1250,12.3,0.1016,31.7,0.0418756,118767
1466,1600,12.3,0.1016,31.7,0.0418756,114477
1467,2000,12.3,0.1016,31.7,0.0418756,110447
1468,2500,12.3,0.1016,31.7,0.0418756,110317
1469,3150,12.3,0.1016,31.7,0.0418756,110307
1470,4000,12.3,0.1016,31.7,0.0418756,108407
1471,5000,12.3,0.1016,31.7,0.0418756,107147
1472,6300,12.3,0.1016,31.7,0.0418756,107267
1473,200,15.6,0.1016,71.3,0.0437259,130898
1474,250,15.6,0.1016,71.3,0.0437259,132158
1475,315,15.6,0.1016,71.3,0.0437259,133808
1476,400,15.6,0.1016,71.3,0.0437259,134058
1477,500,15.6,0.1016,71.3,0.0437259,130638
1478,630,15.6,0.1016,71.3,0.0437259,122288
1479,800,15.6,0.1016,71.3,0.0437259,124188
1480,1000,15.6,0.1016,71.3,0.0437259,124438
1481,1250,15.6,0.1016,71.3,0.0437259,123178
1482,1600,15.6,0.1016,71.3,0.0437259,121528
1483,2000,15.6,0.1016,71.3,0.0437259,119888
1484,2500,15.6,0.1016,71.3,0.0437259,118998
1485,3150,15.6,0.1016,71.3,0.0437259,116468
1486,4000,15.6,0.1016,71.3,0.0437259,113298
1487,200,15.6,0.1016,39.6,0.0528487,123514
1488,250,15.6,0.1016,39.6,0.0528487,124644
1489,315,15.6,0.1016,39.6,0.0528487,122754
1490,400,15.6,0.1016,39.6,0.0528487,120484
1491,500,15.6,0.1016,39.6,0.0528487,115304
1492,630,15.6,0.1016,39.6,0.0528487,118084
1493,800,15.6,0.1016,39.6,0.0528487,118964
1494,1000,15.6,0.1016,39.6,0.0528487,119224
1495,1250,15.6,0.1016,39.6,0.0528487,118214
1496,1600,15.6,0.1016,39.6,0.0528487,114554
1497,2000,15.6,0.1016,39.6,0.0528487,110894
1498,2500,15.6,0.1016,39.6,0.0528487,110264
1499,3150,15.6,0.1016,39.6,0.0528487,109254
1500,4000,15.6,0.1016,39.6,0.0528487,106604
1501,5000,15.6,0.1016,39.6,0.0528487,106224
1502,6300,15.6,0.1016,39.6,0.0528487,104204
